{
  "max_weeks": 12,
  "buckets": {
    "industry": {
      "retention": [
        1.0,
        0.4556123608620902,
        0.21400472002279772,
        0.10809230716999077,
        0.05288283400251949,
        0.02790609957945241,
        0.015334204746958506,
        0.009912152910870515,
        0.0070467194402862735,
        0.005610275496134046,
        0.004154058501884589,
        0.003221681383410389
      ],
      "n_films_observed": {
        "1": 1839,
        "2": 1330,
        "3": 1249,
        "4": 1158,
        "5": 1080,
        "6": 975,
        "7": 864,
        "8": 773,
        "9": 648,
        "10": 559,
        "11": 483,
        "12": 386
      }
    },
    "family": {
      "retention": [
        1.0,
        0.4977111144906638,
        0.2670681169201239,
        0.156913493501338,
        0.09069571930233347,
        0.057163047966112046,
        0.03216671697991182,
        0.017618880189803208,
        0.011919334355094607,
        0.007996271854381856,
        0.006046403055534524,
        0.004892211952927923
      ],
      "n_films_observed": {
        "1": 1839,
        "2": 219,
        "3": 216,
        "4": 213,
        "5": 210,
        "6": 202,
        "7": 197,
        "8": 189,
        "9": 171,
        "10": 154,
        "11": 148,
        "12": 131
      }
    },
    "drama": {
      "retention": [
        1.0,
        0.5055053144218122,
        0.2629779649048375,
        0.13407570707185568,
        0.06217756872126998,
        0.031734631159824965,
        0.015884343878062125,
        0.010001046005895655,
        0.007808038942006013,
        0.006631294370131446,
        0.004909870328825796,
        0.003796720243170814
      ],
      "n_films_observed": {
        "1": 1839,
        "2": 431,
        "3": 426,
        "4": 414,
        "5": 397,
        "6": 376,
        "7": 337,
        "8": 299,
        "9": 251,
        "10": 222,
        "11": 191,
        "12": 155
      }
    },
    "horror": {
      "retention": [
        1.0,
        0.4483713840838775,
        0.21333177096693431,
        0.09651213064426482,
        0.04227225225567436,
        0.020469274432452285,
        0.01049006462711066,
        0.006025847489243167,
        0.003633646569173167,
        0.0026977703991827484,
        0.002164640350141305,
        0.0021125850853686698
      ],
      "n_films_observed": {
        "1": 1839,
        "2": 190,
        "3": 188,
        "4": 182,
        "5": 172,
        "6": 149,
        "7": 135,
        "8": 117,
        "9": 89,
        "10": 77,
        "11": 55,
        "12": 35
      }
    },
    "indie": {
      "retention": [
        1.0,
        0.4552311440617035,
        0.17948740977566607,
        0.08564966826677677,
        0.037921107761978254,
        0.021159727308976636,
        0.013059314562918357,
        0.00886491649564896,
        0.007765204532157359,
        0.008954331737316596,
        0.0063956316499839,
        0.009001732152429658
      ],
      "n_films_observed": {
        "1": 1839,
        "2": 193,
        "3": 176,
        "4": 158,
        "5": 145,
        "6": 125,
        "7": 110,
        "8": 90,
        "9": 74,
        "10": 61,
        "11": 49,
        "12": 38
      }
    }
  }
}